{ "$schema":"http://json-schema.org/draft-07/schema#","title":"CoTrailer","type":"object
",
"required":["id","title","version","asset_type","intents","fitness"],
"properties":{"id":{"type":"string"},"title":{"type":"string"},"version":{"type":"string"},
"asset_type":{"type":"string"},"owner":{"type":"string"},"license":{"type":"string"},
"origin":{"type":"string"},"links":{"type":["object","null"]},"intents":{"type":"array","items":{"type":"string"}},
"vectors":{"type":["array","null"]},"signals":{"type":["array","null"]},"synergy_with":{"type":["array","null"],"items":{"type":"string"}},
"fitness":{"type":"object","required":["readiness_tier"],"properties":{"readiness_tier":{"type":"string"},"value_score":{"type":["number","null"]},
"risk_score":{"type":["number","null"]},"evidence":{"type":["array","null"]}}}}}
