[
  {
    "Number": 1,
    "Title": "CoCrux rule 1 placeholder",
    "Summary": "Placeholder summary for CoCrux rule 1. Replace with canonical text from the CoCrux repo."
  },
  {
    "Number": 2,
    "Title": "CoCrux rule 2 placeholder",
    "Summary": "Placeholder summary for CoCrux rule 2. Replace with canonical text from the CoCrux repo."
  },
  {
    "Number": 3,
    "Title": "CoCrux rule 3 placeholder",
    "Summary": "Placeholder summary for CoCrux rule 3. Replace with canonical text from the CoCrux repo."
  },
  {
    "Number": 4,
    "Title": "CoCrux rule 4 placeholder",
    "Summary": "Placeholder summary for CoCrux rule 4. Replace with canonical text from the CoCrux repo."
  },
  {
    "Number": 5,
    "Title": "CoCrux rule 5 placeholder",
    "Summary": "Placeholder summary for CoCrux rule 5. Replace with canonical text from the CoCrux repo."
  },
  {
    "Number": 6,
    "Title": "CoCrux rule 6 placeholder",
    "Summary": "Placeholder summary for CoCrux rule 6. Replace with canonical text from the CoCrux repo."
  },
  {
    "Number": 7,
    "Title": "CoCrux rule 7 placeholder",
    "Summary": "Placeholder summary for CoCrux rule 7. Replace with canonical text from the CoCrux repo."
  },
  {
    "Number": 8,
    "Title": "CoCrux rule 8 placeholder",
    "Summary": "Placeholder summary for CoCrux rule 8. Replace with canonical text from the CoCrux repo."
  },
  {
    "Number": 9,
    "Title": "CoCrux rule 9 placeholder",
    "Summary": "Placeholder summary for CoCrux rule 9. Replace with canonical text from the CoCrux repo."
  },
  {
    "Number": 10,
    "Title": "CoCrux rule 10 placeholder",
    "Summary": "Placeholder summary for CoCrux rule 10. Replace with canonical text from the CoCrux repo."
  },
  {
    "Number": 11,
    "Title": "CoCrux rule 11 placeholder",
    "Summary": "Placeholder summary for CoCrux rule 11. Replace with canonical text from the CoCrux repo."
  },
  {
    "Number": 12,
    "Title": "CoCrux rule 12 placeholder",
    "Summary": "Placeholder summary for CoCrux rule 12. Replace with canonical text from the CoCrux repo."
  },
  {
    "Number": 13,
    "Title": "CoCrux rule 13 placeholder",
    "Summary": "Placeholder summary for CoCrux rule 13. Replace with canonical text from the CoCrux repo."
  },
  {
    "Number": 14,
    "Title": "CoCrux rule 14 placeholder",
    "Summary": "Placeholder summary for CoCrux rule 14. Replace with canonical text from the CoCrux repo."
  },
  {
    "Number": 15,
    "Title": "CoCrux rule 15 placeholder",
    "Summary": "Placeholder summary for CoCrux rule 15. Replace with canonical text from the CoCrux repo."
  },
  {
    "Number": 16,
    "Title": "CoCrux rule 16 placeholder",
    "Summary": "Placeholder summary for CoCrux rule 16. Replace with canonical text from the CoCrux repo."
  },
  {
    "Number": 17,
    "Title": "CoCrux rule 17 placeholder",
    "Summary": "Placeholder summary for CoCrux rule 17. Replace with canonical text from the CoCrux repo."
  },
  {
    "Number": 18,
    "Title": "CoCrux rule 18 placeholder",
    "Summary": "Placeholder summary for CoCrux rule 18. Replace with canonical text from the CoCrux repo."
  },
  {
    "Number": 19,
    "Title": "CoCrux rule 19 placeholder",
    "Summary": "Placeholder summary for CoCrux rule 19. Replace with canonical text from the CoCrux repo."
  },
  {
    "Number": 20,
    "Title": "CoCrux rule 20 placeholder",
    "Summary": "Placeholder summary for CoCrux rule 20. Replace with canonical text from the CoCrux repo."
  },
  {
    "Number": 21,
    "Title": "CoCrux rule 21 placeholder",
    "Summary": "Placeholder summary for CoCrux rule 21. Replace with canonical text from the CoCrux repo."
  },
  {
    "Number": 22,
    "Title": "CoCrux rule 22 placeholder",
    "Summary": "Placeholder summary for CoCrux rule 22. Replace with canonical text from the CoCrux repo."
  },
  {
    "Number": 23,
    "Title": "CoCrux rule 23 placeholder",
    "Summary": "Placeholder summary for CoCrux rule 23. Replace with canonical text from the CoCrux repo."
  },
  {
    "Number": 24,
    "Title": "CoCrux rule 24 placeholder",
    "Summary": "Placeholder summary for CoCrux rule 24. Replace with canonical text from the CoCrux repo."
  },
  {
    "Number": 25,
    "Title": "CoCrux rule 25 placeholder",
    "Summary": "Placeholder summary for CoCrux rule 25. Replace with canonical text from the CoCrux repo."
  },
  {
    "Number": 26,
    "Title": "CoCrux rule 26 placeholder",
    "Summary": "Placeholder summary for CoCrux rule 26. Replace with canonical text from the CoCrux repo."
  },
  {
    "Number": 27,
    "Title": "CoCrux rule 27 placeholder",
    "Summary": "Placeholder summary for CoCrux rule 27. Replace with canonical text from the CoCrux repo."
  },
  {
    "Number": 28,
    "Title": "CoCrux rule 28 placeholder",
    "Summary": "Placeholder summary for CoCrux rule 28. Replace with canonical text from the CoCrux repo."
  },
  {
    "Number": 29,
    "Title": "CoCrux rule 29 placeholder",
    "Summary": "Placeholder summary for CoCrux rule 29. Replace with canonical text from the CoCrux repo."
  },
  {
    "Number": 30,
    "Title": "CoCrux rule 30 placeholder",
    "Summary": "Placeholder summary for CoCrux rule 30. Replace with canonical text from the CoCrux repo."
  },
  {
    "Number": 31,
    "Title": "CoCrux rule 31 placeholder",
    "Summary": "Placeholder summary for CoCrux rule 31. Replace with canonical text from the CoCrux repo."
  },
  {
    "Number": 32,
    "Title": "CoCrux rule 32 placeholder",
    "Summary": "Placeholder summary for CoCrux rule 32. Replace with canonical text from the CoCrux repo."
  },
  {
    "Number": 33,
    "Title": "CoCrux rule 33 placeholder",
    "Summary": "Placeholder summary for CoCrux rule 33. Replace with canonical text from the CoCrux repo."
  },
  {
    "Number": 34,
    "Title": "CoCrux rule 34 placeholder",
    "Summary": "Placeholder summary for CoCrux rule 34. Replace with canonical text from the CoCrux repo."
  },
  {
    "Number": 35,
    "Title": "CoCrux rule 35 placeholder",
    "Summary": "Placeholder summary for CoCrux rule 35. Replace with canonical text from the CoCrux repo."
  },
  {
    "Number": 36,
    "Title": "CoCrux rule 36 placeholder",
    "Summary": "Placeholder summary for CoCrux rule 36. Replace with canonical text from the CoCrux repo."
  },
  {
    "Number": 37,
    "Title": "CoCrux rule 37 placeholder",
    "Summary": "Placeholder summary for CoCrux rule 37. Replace with canonical text from the CoCrux repo."
  },
  {
    "Number": 38,
    "Title": "CoCrux rule 38 placeholder",
    "Summary": "Placeholder summary for CoCrux rule 38. Replace with canonical text from the CoCrux repo."
  },
  {
    "Number": 39,
    "Title": "CoCrux rule 39 placeholder",
    "Summary": "Placeholder summary for CoCrux rule 39. Replace with canonical text from the CoCrux repo."
  },
  {
    "Number": 40,
    "Title": "CoCrux rule 40 placeholder",
    "Summary": "Placeholder summary for CoCrux rule 40. Replace with canonical text from the CoCrux repo."
  },
  {
    "Number": 41,
    "Title": "CoCrux rule 41 placeholder",
    "Summary": "Placeholder summary for CoCrux rule 41. Replace with canonical text from the CoCrux repo."
  },
  {
    "Number": 42,
    "Title": "CoCrux rule 42 placeholder",
    "Summary": "Placeholder summary for CoCrux rule 42. Replace with canonical text from the CoCrux repo."
  },
  {
    "Number": 43,
    "Title": "CoCrux rule 43 placeholder",
    "Summary": "Placeholder summary for CoCrux rule 43. Replace with canonical text from the CoCrux repo."
  },
  {
    "Number": 44,
    "Title": "CoCrux rule 44 placeholder",
    "Summary": "Placeholder summary for CoCrux rule 44. Replace with canonical text from the CoCrux repo."
  },
  {
    "Number": 45,
    "Title": "CoCrux rule 45 placeholder",
    "Summary": "Placeholder summary for CoCrux rule 45. Replace with canonical text from the CoCrux repo."
  },
  {
    "Number": 46,
    "Title": "CoCrux rule 46 placeholder",
    "Summary": "Placeholder summary for CoCrux rule 46. Replace with canonical text from the CoCrux repo."
  },
  {
    "Number": 47,
    "Title": "CoCrux rule 47 placeholder",
    "Summary": "Placeholder summary for CoCrux rule 47. Replace with canonical text from the CoCrux repo."
  },
  {
    "Number": 48,
    "Title": "CoCrux rule 48 placeholder",
    "Summary": "Placeholder summary for CoCrux rule 48. Replace with canonical text from the CoCrux repo."
  },
  {
    "Number": 49,
    "Title": "CoCrux rule 49 placeholder",
    "Summary": "Placeholder summary for CoCrux rule 49. Replace with canonical text from the CoCrux repo."
  },
  {
    "Number": 50,
    "Title": "CoCrux rule 50 placeholder",
    "Summary": "Placeholder summary for CoCrux rule 50. Replace with canonical text from the CoCrux repo."
  }
]
